FBM_STOCK_ID,WAREHOUSE_ID,INVENTORY_ID,FBM_ADDDRESS_ID,FBM_RESERVED,FBM_OUT_OF_STOCK_FLAG,AUD_FROM_INTERFACE,FBM_ADDRESS_ID,FBM_QUANTITY
2562934658,ARBA01,JHHZ36448,,0,TRUE,BQ_BT_FBM_STOCK_ADDRESS,LT-0-001-000-00-00,0
2562932669,ARBA01,LTVB86977,,1,FALSO,BQ_BT_FBM_STOCK_ADDRESS,MZ-2-004-072-02-05,1
2562938083,ARBA01,CBID14990,,1,FALSO,BQ_BT_FBM_STOCK_ADDRESS,MZ-2-003-021-03-04,3
2562932771,ARBA01,HNJS33733,,1,FALSO,BQ_BT_FBM_STOCK_ADDRESS,MZ-2-020-045-04-05,10
2562933078,ARBA01,WEIF04137,,2,TRUE,BQ_BT_FBM_STOCK_ADDRESS,MU-TC-BX-01F-8C6,0
2562931693,BRBA01,GTFV14523,,1,TRUE,BQ_BT_FBM_STOCK_ADDRESS,MU-TC-BX-037-6B6,0
2562935971,ARBA01,ROOR29260,,1,TRUE,BQ_BT_FBM_STOCK_ADDRESS,MU-TC-BX-03E-21B,0
2562930635,BRBA01,YWDL22224,,1,TRUE,BQ_BT_FBM_STOCK_ADDRESS,MU-TC-BX-03A-A4A,0
2562934669,ARBA01,JHHZ36448,,0,VERDADERO,BQ_BT_FBM_STOCK_ADDRESS,RR-0-001-000-00-00,0
2562939340,ARBA01,QEBM78206,,0,FALSO,BQ_BT_FBM_STOCK_ADDRESS,RR-0-001-000-00-00,0
2562933557,BRBA01,LWMT85419,,1,FALSO,BQ_BT_FBM_STOCK_ADDRESS,MU-TC-BX-03C-21B,0
2562939343,ARBA01,EQHO07584,,0,FALSO,BQ_BT_FBM_STOCK_ADDRESS,RR-0-001-000-00-00,0
2562934667,ARBA01,KGAL37594,,0,FALSO,BQ_BT_FBM_STOCK_ADDRESS,RR-0-001-000-00-00,0
2562933933,ARBA01,ROOR29260,,2,FALSO,BQ_BT_FBM_STOCK_ADDRESS,MU-TC-BX-021-0BC,0
2562931855,BRBA01,ROPP24769,,1,TRUE,BQ_BT_FBM_STOCK_ADDRESS,MU-TC-BX-038-17B,0
2562939344,ARBA01,BZBZ79855,,0,TRUE,BQ_BT_FBM_STOCK_ADDRESS,RR-0-001-000-00-00,0
2562934127,BRBA01,DWUM77793,,1,TRUE,BQ_BT_FBM_STOCK_ADDRESS,MU-TC-BX-032-282,0
2562938835,ARBA01,JTVE94902,,11,TRUE,BQ_BT_FBM_STOCK_ADDRESS,MU-PR-RK-004-656,0
2562935094,BRBA01,BNYF38567,,1,TRUE,BQ_BT_FBM_STOCK_ADDRESS,MU-TC-BX-029-84B,0
2562936340,ARBA01,HAZU13797,,8,TRUE,BQ_BT_FBM_STOCK_ADDRESS,MU-TC-SK-021-653,0
2562933124,BRBA01,DSHR16937,,1,TRUE,BQ_BT_FBM_STOCK_ADDRESS,MU-TC-BX-029-84B,0
2562936349,ARBA01,MEZK15936,,3,TRUE,BQ_BT_FBM_STOCK_ADDRESS,MU-TC-SK-021-653,0
2562936342,ARBA01,KEAO48744,,4,TRUE,BQ_BT_FBM_STOCK_ADDRESS,MU-TC-SK-021-653,0
2562936347,ARBA01,PKWL33999,,3,TRUE,BQ_BT_FBM_STOCK_ADDRESS,MU-TC-SK-021-653,0
2562936352,ARBA01,OLKY11674,,3,TRUE,BQ_BT_FBM_STOCK_ADDRESS,MU-TC-SK-021-653,0
2562932855,ARBA01,RRCJ70925,,1,FALSO,BQ_BT_FBM_STOCK_ADDRESS,MZ-2-005-025-01-03,12
2562934035,ARBA01,PLIO73958,,1,FALSO,BQ_BT_FBM_STOCK_ADDRESS,MZ-2-008-055-01-04,22
2562936476,ARBA01,FYJP22305,,0,FALSO,BQ_BT_FBM_STOCK_ADDRESS,MZ-2-007-052-02-01,4
2562931717,ARBA01,MASS68284,,1,FALSO,BQ_BT_FBM_STOCK_ADDRESS,MZ-2-014-003-01-03,33
2562931663,ARBA01,NWDU12081,,1,TRUE,BQ_BT_FBM_STOCK_ADDRESS,MU-TC-RO-022-C75,0
2562939202,BRBA01,SFTK89579,,1,TRUE,BQ_BT_FBM_STOCK_ADDRESS,MU-TC-CA-03A-3A6,0
2562930197,BRBA01,WVOJ79872,,1,TRUE,BQ_BT_FBM_STOCK_ADDRESS,MU-TO-CA-019-2D4,0
2562930523,BRBA01,XVHE70301,,1,TRUE,BQ_BT_FBM_STOCK_ADDRESS,MU-TC-CA-037-D89,0
2562930132,ARBA01,VEZJ14237,,1,TRUE,BQ_BT_FBM_STOCK_ADDRESS,MU-TC-BX-04F-DD3,0
2562931318,BRBA01,UCQQ15480,,1,TRUE,BQ_BT_FBM_STOCK_ADDRESS,MU-TC-CA-03C-214,0
2562933013,BRBA01,HCXK77717,,4,TRUE,BQ_BT_FBM_STOCK_ADDRESS,PW-0-001-003-03-03,0
2562935650,BRBA01,QEJM47953,,1,TRUE,BQ_BT_FBM_STOCK_ADDRESS,PW-0-001-009-05-04,0
2562934530,BRBA01,MCXA65117,,1,TRUE,BQ_BT_FBM_STOCK_ADDRESS,PW-0-001-013-02-01,0
2562933860,BRBA01,AEQO86309,,1,TRUE,BQ_BT_FBM_STOCK_ADDRESS,PW-0-001-013-01-02,0
2562939162,ARBA01,JKAR25128,,1,TRUE,BQ_BT_FBM_STOCK_ADDRESS,PW-0-001-107-06-02,0
2562931233,ARBA01,GTQX07424,,1,TRUE,BQ_BT_FBM_STOCK_ADDRESS,MU-TC-BX-01F-BFB,0
2562936521,ARBA01,QJZY13017,,2,TRUE,BQ_BT_FBM_STOCK_ADDRESS,PW-0-001-103-02-02,0
2562933295,ARBA01,MXWZ06628,,1,TRUE,BQ_BT_FBM_STOCK_ADDRESS,PW-0-001-109-01-05,0
2562936808,BRBA01,KCSS33002,,1,TRUE,BQ_BT_FBM_STOCK_ADDRESS,MU-TC-CA-04A-E38,0
2562931727,ARBA01,IUYP35475,,1,TRUE,BQ_BT_FBM_STOCK_ADDRESS,PW-0-001-111-06-03,0
2562932536,ARBA01,USLV22593,,1,TRUE,BQ_BT_FBM_STOCK_ADDRESS,MU-TC-BX-03F-31D,0
2562933769,BRBA01,CJZQ20020,,1,TRUE,BQ_BT_FBM_STOCK_ADDRESS,MU-TC-CA-037-338,0
2562932754,BRBA01,UXJG35273,,1,TRUE,BQ_BT_FBM_STOCK_ADDRESS,MU-TC-BX-044-35A,0
2562938405,ARBA01,KSNF16148,,1,TRUE,BQ_BT_FBM_STOCK_ADDRESS,MU-TC-BX-021-0A4,0
2562936140,BRBA01,JKDT32413,,1,TRUE,BQ_BT_FBM_STOCK_ADDRESS,PW-0-001-009-03-05,0
2562939307,ARBA01,JVIJ09759,,5,TRUE,BQ_BT_FBM_STOCK_ADDRESS,PW-0-001-113-01-08,0
2562931418,BRBA01,QPVX71862,,5,TRUE,BQ_BT_FBM_STOCK_ADDRESS,PW-0-001-031-02-02,0
2562930498,BRBA01,VZVO14855,,1,TRUE,BQ_BT_FBM_STOCK_ADDRESS,MU-TO-CA-01C-A30,0
2562939141,BRBA01,ZOXV37750,,1,TRUE,BQ_BT_FBM_STOCK_ADDRESS,MU-TC-BX-036-7AB,0
2562936563,ARBA01,ISGV34818,,2,TRUE,BQ_BT_FBM_STOCK_ADDRESS,PW-0-001-105-01-07,0
2562933108,ARBA01,CRPO34684,,1,TRUE,BQ_BT_FBM_STOCK_ADDRESS,MU-TC-BX-021-0A4,0
2562938946,BRBA01,HOEU56006,,2,TRUE,BQ_BT_FBM_STOCK_ADDRESS,PW-0-001-009-06-04,0
2562934415,ARBA01,PPPR94227,,1,TRUE,BQ_BT_FBM_STOCK_ADDRESS,MU-TC-BX-046-88A,0
2562932307,ARBA01,OLCT01580,,1,TRUE,BQ_BT_FBM_STOCK_ADDRESS,MU-TC-BX-020-D9B,0
2562934229,ARBA01,LWEM00497,,1,TRUE,BQ_BT_FBM_STOCK_ADDRESS,MU-TC-BX-046-CA4,0
2562933889,ARBA01,SYIF00432,,0,TRUE,BQ_BT_FBM_STOCK_ADDRESS,MU-PR-IV-004-773,0
2562938927,ARBA01,TFCH03009,,1,TRUE,BQ_BT_FBM_STOCK_ADDRESS,PW-0-001-107-02-08,0
2562932281,ARBA01,NYVK59880,,1,TRUE,BQ_BT_FBM_STOCK_ADDRESS,MU-TC-BX-020-F37,0
2562938107,ARBA01,FDCO73632,,1,TRUE,BQ_BT_FBM_STOCK_ADDRESS,PW-0-001-103-05-07,0
2562936337,BRBA01,JCZD25019,,1,TRUE,BQ_BT_FBM_STOCK_ADDRESS,MU-TC-BX-032-420,0
2562938161,ARBA01,ZIJL26307,,3,TRUE,BQ_BT_FBM_STOCK_ADDRESS,PW-0-001-105-06-03,0
2562936069,BRBA01,DZXM95547,,0,TRUE,BQ_BT_FBM_STOCK_ADDRESS,RR-0-001-000-00-00,0
2562933693,ARBA01,BGQJ11908,,1,TRUE,BQ_BT_FBM_STOCK_ADDRESS,PW-0-001-103-05-07,0
2562935138,BRBA01,DZXM14677,,1,TRUE,BQ_BT_FBM_STOCK_ADDRESS,MU-TC-CA-036-6D1,0
2562932108,ARBA01,VETH91440,,1,TRUE,BQ_BT_FBM_STOCK_ADDRESS,MU-TC-BX-039-B05,0
2562936279,BRBA01,KRSH25752,,1,TRUE,BQ_BT_FBM_STOCK_ADDRESS,MU-TC-CA-03A-3A6,0
2562938408,ARBA01,LWPK25907,,1,TRUE,BQ_BT_FBM_STOCK_ADDRESS,PW-0-001-107-04-07,0
2562935839,BRBA01,IQRR49712,,1,TRUE,BQ_BT_FBM_STOCK_ADDRESS,MU-TO-CA-01C-A30,0
2562932299,BRBA01,UWGL14445,,1,TRUE,BQ_BT_FBM_STOCK_ADDRESS,PW-0-001-009-03-03,0
2562935584,BRBA01,JMYB33865,,1,TRUE,BQ_BT_FBM_STOCK_ADDRESS,PW-0-001-013-05-05,0
2562936770,BRBA01,OOZY36080,,1,TRUE,BQ_BT_FBM_STOCK_ADDRESS,MU-TO-CA-019-2D4,0
2562939413,BRBA01,QCVU91493,,1,TRUE,BQ_BT_FBM_STOCK_ADDRESS,MU-TC-CA-036-76E,0
2562938226,ARBA01,UFSV99732,,1,TRUE,BQ_BT_FBM_STOCK_ADDRESS,MU-TC-BX-04F-E0D,0
2562931821,BRBA01,MIZE05382,,3,TRUE,BQ_BT_FBM_STOCK_ADDRESS,PW-0-001-031-04-02,0
2562933454,ARBA01,CIRQ60239,,1,TRUE,BQ_BT_FBM_STOCK_ADDRESS,PW-0-001-109-06-06,0
2562938896,ARBA01,PYLS09201,,1,TRUE,BQ_BT_FBM_STOCK_ADDRESS,PW-0-001-111-02-02,0
2562931406,ARBA01,TUDF05638,,2,TRUE,BQ_BT_FBM_STOCK_ADDRESS,PW-0-001-105-05-01,0
2562931951,ARBA01,QXAP23938,,1,TRUE,BQ_BT_FBM_STOCK_ADDRESS,PW-0-001-109-04-07,0
2562933922,ARBA01,DGVH11402,,1,TRUE,BQ_BT_FBM_STOCK_ADDRESS,PW-0-001-111-04-08,0
2562934124,BRBA01,GWAU89364,,1,TRUE,BQ_BT_FBM_STOCK_ADDRESS,MU-TC-CA-051-A0A,0
2562936089,ARBA01,GGGM30769,,2,TRUE,BQ_BT_FBM_STOCK_ADDRESS,MU-TC-SK-021-9BC,0
2562933852,ARBA01,VSZD34451,,3,TRUE,BQ_BT_FBM_STOCK_ADDRESS,MU-TC-BX-021-322,0
2562932374,ARBA01,CPDA15962,,1,TRUE,BQ_BT_FBM_STOCK_ADDRESS,MU-TC-BX-03F-5A9,0
2562938478,BRBA01,JXFK96374,,1,TRUE,BQ_BT_FBM_STOCK_ADDRESS,PW-0-001-013-03-06,0
2562932444,BRBA01,HMWS85125,,1,TRUE,BQ_BT_FBM_STOCK_ADDRESS,MU-TC-CA-037-D89,0
2562934709,BRBA01,PTKT32095,,1,TRUE,BQ_BT_FBM_STOCK_ADDRESS,MU-TC-CA-036-76E,0
2562932296,BRBA01,ERQZ06296,,1,TRUE,BQ_BT_FBM_STOCK_ADDRESS,MU-TC-CA-052-3B2,0
2562934844,BRBA01,NPWO35078,,1,TRUE,BQ_BT_FBM_STOCK_ADDRESS,PW-0-001-013-02-05,0
2562932467,ARBA01,GOCJ76102,,1,TRUE,BQ_BT_FBM_STOCK_ADDRESS,PW-0-001-109-02-07,0
2562936255,BRBA01,ETNV88171,,1,TRUE,BQ_BT_FBM_STOCK_ADDRESS,MU-TC-AM-051-B52,0
2562935890,BRBA01,SCXB24321,,1,TRUE,BQ_BT_FBM_STOCK_ADDRESS,PW-0-001-013-06-01,0
2562939436,BRBA01,CTKP75231,,1,TRUE,BQ_BT_FBM_STOCK_ADDRESS,MU-TC-BX-037-A92,0
2562934162,ARBA01,SSOY78321,,1,TRUE,BQ_BT_FBM_STOCK_ADDRESS,MU-TC-BX-020-9CE,0
2562936297,ARBA01,EQHO37220,,1,TRUE,BQ_BT_FBM_STOCK_ADDRESS,MU-TC-BX-046-821,0
2562934092,BRBA01,FRZB26865,,2,TRUE,BQ_BT_FBM_STOCK_ADDRESS,PW-0-001-013-02-04,0
2562933943,ARBA01,PKKZ91618,,1,TRUE,BQ_BT_FBM_STOCK_ADDRESS,MU-TC-BX-020-4EA,0
2562930282,BRBA01,WRKZ47504,,1,TRUE,BQ_BT_FBM_STOCK_ADDRESS,MU-TC-CA-051-A0C,0
2562939653,BRBA01,XTLK09856,,2,TRUE,BQ_BT_FBM_STOCK_ADDRESS,PW-0-001-009-05-03,0
2562935307,ARBA01,ONJL73904,,1,TRUE,BQ_BT_FBM_STOCK_ADDRESS,MU-TC-BX-021-3B0,0
2562937625,BRBA01,DFUL79974,,4,TRUE,BQ_BT_FBM_STOCK_ADDRESS,PW-0-001-029-06-03,0
2562933446,ARBA01,YLOE14445,,1,TRUE,BQ_BT_FBM_STOCK_ADDRESS,MU-TC-BX-020-F37,0
2562931436,BRBA01,MBCE69675,,1,TRUE,BQ_BT_FBM_STOCK_ADDRESS,MU-TC-BX-044-23A,0
2562937661,BRBA01,CHCY06594,,1,TRUE,BQ_BT_FBM_STOCK_ADDRESS,PW-0-001-009-06-02,0
2562937489,BRBA01,STDU36424,,1,TRUE,BQ_BT_FBM_STOCK_ADDRESS,MU-TC-CA-039-F35,0
2562933806,BRBA01,GWCT65559,,1,TRUE,BQ_BT_FBM_STOCK_ADDRESS,PW-0-001-009-02-01,0
2562937748,ARBA01,DVXT15989,,1,TRUE,BQ_BT_FBM_STOCK_ADDRESS,MU-TC-BX-03F-9D3,0
2562938126,ARBA01,FXMN30571,,1,TRUE,BQ_BT_FBM_STOCK_ADDRESS,MU-TC-BX-04C-C14,0
2562937634,ARBA01,OICO67990,,1,TRUE,BQ_BT_FBM_STOCK_ADDRESS,MU-TC-BX-01F-BFB,0
2562934959,ARBA01,PZJU82376,,1,TRUE,BQ_BT_FBM_STOCK_ADDRESS,MU-TC-BX-050-2D6,0
2562932518,BRBA01,ZTOP59460,,1,TRUE,BQ_BT_FBM_STOCK_ADDRESS,MU-TC-CA-052-2C3,0
2562937239,ARBA01,NWNJ15054,,2,TRUE,BQ_BT_FBM_STOCK_ADDRESS,PW-0-001-103-05-08,0
2562931280,ARBA01,RBIP26779,,2,TRUE,BQ_BT_FBM_STOCK_ADDRESS,PW-0-001-103-05-02,0
2562931256,ARBA01,MTWT00547,,1,TRUE,BQ_BT_FBM_STOCK_ADDRESS,PW-0-001-109-04-06,0
2562939054,ARBA01,NNJW32838,,1,TRUE,BQ_BT_FBM_STOCK_ADDRESS,MU-TC-BX-04C-B88,0
2562935762,BRBA01,UGNQ77512,,3,TRUE,BQ_BT_FBM_STOCK_ADDRESS,PW-0-001-003-05-01,0
2562939291,ARBA01,AZAW20342,,1,TRUE,BQ_BT_FBM_STOCK_ADDRESS,MU-TC-BX-01E-DB7,0
2562931132,ARBA01,UQRU09229,,1,TRUE,BQ_BT_FBM_STOCK_ADDRESS,PW-0-001-111-01-02,0
2562930731,ARBA01,FWMG99436,,1,TRUE,BQ_BT_FBM_STOCK_ADDRESS,MU-TC-BX-01F-9E2,0
2562939116,ARBA01,HKVA73152,,1,TRUE,BQ_BT_FBM_STOCK_ADDRESS,MU-TC-BX-021-0A4,0
2562938603,BRBA01,HYMK80550,,1,TRUE,BQ_BT_FBM_STOCK_ADDRESS,MU-TC-CA-04A-E38,0
2562931076,BRBA01,JAFK97487,,1,TRUE,BQ_BT_FBM_STOCK_ADDRESS,MU-TC-CA-036-76E,0
2562936502,BRBA01,CTRN92634,,0,TRUE,BQ_BT_FBM_STOCK_ADDRESS,RR-0-001-000-00-00,0
2562938343,ARBA01,ERHG12624,,0,TRUE,BQ_BT_FBM_STOCK_ADDRESS,MU-PR-IV-004-776,0
2562933005,ARBA01,LMHK72639,,1,TRUE,BQ_BT_FBM_STOCK_ADDRESS,PW-0-001-113-04-03,0
2562930389,BRBA01,ECKN28905,,1,TRUE,BQ_BT_FBM_STOCK_ADDRESS,MU-PR-BX-001-60A,0
2562931111,BRBA01,GVIJ18177,,1,TRUE,BQ_BT_FBM_STOCK_ADDRESS,MU-TC-CA-037-357,0
2562931764,ARBA01,QCKN30642,,1,TRUE,BQ_BT_FBM_STOCK_ADDRESS,MU-TC-BX-021-3B0,0
2562938404,BRBA01,LPDD01301,,3,TRUE,BQ_BT_FBM_STOCK_ADDRESS,PW-0-001-031-02-03,0
2562935410,BRBA01,VIKI35888,,1,TRUE,BQ_BT_FBM_STOCK_ADDRESS,MU-TC-CA-03A-3A6,0
2562930607,BRBA01,ELEU25866,,1,TRUE,BQ_BT_FBM_STOCK_ADDRESS,MU-TC-CA-052-321,0
2562932268,ARBA01,DYRO18668,,4,TRUE,BQ_BT_FBM_STOCK_ADDRESS,PW-0-001-109-06-03,0
2562935868,BRBA01,EPAH36120,,1,TRUE,BQ_BT_FBM_STOCK_ADDRESS,MU-TC-BX-028-00C,0
2562936594,ARBA01,NIMI29583,,1,TRUE,BQ_BT_FBM_STOCK_ADDRESS,MU-TC-BX-01E-D74,0
2562931820,BRBA01,JPBQ73524,,1,TRUE,BQ_BT_FBM_STOCK_ADDRESS,PW-0-001-009-02-03,0
2562932689,ARBA01,SOPR12052,,1,TRUE,BQ_BT_FBM_STOCK_ADDRESS,PW-0-001-111-02-07,0
2562931484,BRBA01,KRJP71288,,1,TRUE,BQ_BT_FBM_STOCK_ADDRESS,MU-TC-CA-036-336,0
2562933231,BRBA01,BQTS34012,,1,TRUE,BQ_BT_FBM_STOCK_ADDRESS,MU-TC-CA-037-D55,0
2562937524,BRBA01,IKEY70885,,2,TRUE,BQ_BT_FBM_STOCK_ADDRESS,PW-0-001-013-03-06,0
2562939635,ARBA01,GNAY23177,,1,TRUE,BQ_BT_FBM_STOCK_ADDRESS,MU-TC-BX-046-88A,0
2562935959,ARBA01,POSQ46677,,1,TRUE,BQ_BT_FBM_STOCK_ADDRESS,MU-TC-BX-03F-981,0
2562931217,BRBA01,ISDP72781,,2,TRUE,BQ_BT_FBM_STOCK_ADDRESS,PW-0-001-009-02-02,0
2562933645,BRBA01,XMTE38483,,1,TRUE,BQ_BT_FBM_STOCK_ADDRESS,PW-0-001-013-04-05,0
2562933462,BRBA01,KAGG44290,,1,TRUE,BQ_BT_FBM_STOCK_ADDRESS,PW-0-001-013-03-02,0
2562939303,ARBA01,MSMB22749,,7,TRUE,BQ_BT_FBM_STOCK_ADDRESS,MU-TC-RO-022-8E1,0
2562930805,ARBA01,HQDG63372,,1,TRUE,BQ_BT_FBM_STOCK_ADDRESS,MU-TC-BX-020-6E6,0
2562936561,BRBA01,POIF19018,,2,TRUE,BQ_BT_FBM_STOCK_ADDRESS,PW-0-001-013-03-06,0
2562930355,ARBA01,OOZY80067,,1,TRUE,BQ_BT_FBM_STOCK_ADDRESS,PW-0-001-109-06-07,0
2562935531,ARBA01,NUCH44033,,1,TRUE,BQ_BT_FBM_STOCK_ADDRESS,PW-0-001-103-04-02,0
2562936570,BRBA01,WMCU78425,,1,TRUE,BQ_BT_FBM_STOCK_ADDRESS,MU-TC-BX-028-95E,0
2562933867,ARBA01,NMLF95974,,2,TRUE,BQ_BT_FBM_STOCK_ADDRESS,PW-0-001-105-02-07,0
2562939022,ARBA01,XOCQ17071,,1,TRUE,BQ_BT_FBM_STOCK_ADDRESS,MU-TC-BX-03F-704,0
2562936894,BRBA01,OPFB43332,,1,TRUE,BQ_BT_FBM_STOCK_ADDRESS,PW-0-001-009-03-01,0
2562936707,ARBA01,YBXR31586,,1,TRUE,BQ_BT_FBM_STOCK_ADDRESS,MU-TC-BX-01F-BFB,0
2562938920,ARBA01,KMBD39026,,1,TRUE,BQ_BT_FBM_STOCK_ADDRESS,MU-TC-BX-03F-981,0
2562934988,ARBA01,PWKB58445,,12,TRUE,BQ_BT_FBM_STOCK_ADDRESS,PW-0-001-113-02-02,0
2562933187,ARBA01,XNOP39354,,1,TRUE,BQ_BT_FBM_STOCK_ADDRESS,PW-0-001-111-04-08,0
2562932254,ARBA01,HCQY02908,,1,TRUE,BQ_BT_FBM_STOCK_ADDRESS,PW-0-001-105-02-06,0
2562935109,BRBA01,MUXV44120,,2,TRUE,BQ_BT_FBM_STOCK_ADDRESS,PW-0-001-031-01-01,0
2562933393,ARBA01,OHMA93071,,1,TRUE,BQ_BT_FBM_STOCK_ADDRESS,PW-0-001-111-02-02,0
2562934450,BRBA01,AILZ33831,,1,TRUE,BQ_BT_FBM_STOCK_ADDRESS,MU-TC-CA-04A-E6A,0
2562939108,ARBA01,HKBX21133,,1,TRUE,BQ_BT_FBM_STOCK_ADDRESS,PW-0-001-103-05-06,0
2562936374,BRBA01,ICQC49712,,1,TRUE,BQ_BT_FBM_STOCK_ADDRESS,MU-TC-CA-052-3AA,0
2562938740,ARBA01,QMAS34255,,1,TRUE,BQ_BT_FBM_STOCK_ADDRESS,PW-0-001-107-05-01,0
2562933636,BRBA01,YHXD32339,,1,TRUE,BQ_BT_FBM_STOCK_ADDRESS,MU-TC-CA-051-9B5,0
2562936139,BRBA01,LLZA23300,,1,TRUE,BQ_BT_FBM_STOCK_ADDRESS,MU-TC-CA-052-301,0
2562934939,BRBA01,LPZS04354,,1,TRUE,BQ_BT_FBM_STOCK_ADDRESS,MU-TC-CA-036-6C8,0
2562935829,BRBA01,OJQX08367,,1,TRUE,BQ_BT_FBM_STOCK_ADDRESS,MU-TC-CA-03A-34E,0
2562935081,BRBA01,QJEG80532,,1,TRUE,BQ_BT_FBM_STOCK_ADDRESS,PW-0-001-029-04-04,0
2562936639,BRBA01,NPUY07521,,1,TRUE,BQ_BT_FBM_STOCK_ADDRESS,PW-0-001-009-03-02,0
2562937232,BRBA01,BNCB57574,,1,TRUE,BQ_BT_FBM_STOCK_ADDRESS,MU-TC-CA-037-338,0
2562936037,BRBA01,SZLG15621,,1,TRUE,BQ_BT_FBM_STOCK_ADDRESS,MU-TC-CA-04A-E56,0
2562933348,BRBA01,NVBC10159,,1,TRUE,BQ_BT_FBM_STOCK_ADDRESS,PW-0-001-009-02-03,0
2562938871,BRBA01,MWXW85380,,1,TRUE,BQ_BT_FBM_STOCK_ADDRESS,MU-TC-BX-044-35A,0
2562930776,ARBA01,VXWP73240,,1,TRUE,BQ_BT_FBM_STOCK_ADDRESS,MU-TC-BX-020-620,0
2562935284,BRBA01,KLHT26002,,2,TRUE,BQ_BT_FBM_STOCK_ADDRESS,PW-0-001-003-07-04,0
2562936732,BRBA01,LEYN44112,,1,TRUE,BQ_BT_FBM_STOCK_ADDRESS,PW-0-001-003-08-08,0
2562932435,BRBA01,MDOH21114,,1,TRUE,BQ_BT_FBM_STOCK_ADDRESS,PW-0-001-031-02-05,0
2562934926,ARBA01,YXCO23773,,1,TRUE,BQ_BT_FBM_STOCK_ADDRESS,PW-0-001-109-04-03,0
2562936736,BRBA01,UQAB56465,,1,TRUE,BQ_BT_FBM_STOCK_ADDRESS,MU-TC-CA-036-301,0
2562935170,BRBA01,LVQN14935,,1,TRUE,BQ_BT_FBM_STOCK_ADDRESS,PW-0-001-009-01-04,0
2562938518,ARBA01,YSTU17899,,2,TRUE,BQ_BT_FBM_STOCK_ADDRESS,PW-0-001-105-01-08,0
2562936328,BRBA01,JJOY06628,,1,TRUE,BQ_BT_FBM_STOCK_ADDRESS,MU-TC-CA-037-D24,0
2562935741,BRBA01,TNXB85461,,1,TRUE,BQ_BT_FBM_STOCK_ADDRESS,MU-TC-BX-036-7A0,0
2562930547,BRBA01,VLOI10799,,7,TRUE,BQ_BT_FBM_STOCK_ADDRESS,PW-0-001-003-05-08,0
2562933156,BRBA01,JWTA32146,,1,TRUE,BQ_BT_FBM_STOCK_ADDRESS,PW-0-001-031-02-01,0
2562932127,BRBA01,FZUN75174,,3,TRUE,BQ_BT_FBM_STOCK_ADDRESS,PW-0-001-003-01-04,0
2562930661,ARBA01,ZHQH18430,,1,TRUE,BQ_BT_FBM_STOCK_ADDRESS,PW-0-001-109-05-03,0
2562938834,ARBA01,MODD94757,,1,TRUE,BQ_BT_FBM_STOCK_ADDRESS,MU-TC-BX-04C-A82,0
2562933810,ARBA01,OWZF76540,,0,TRUE,BQ_BT_FBM_STOCK_ADDRESS,MU-PR-IV-004-77A,0
2562930791,BRBA01,SSTS45364,,2,TRUE,BQ_BT_FBM_STOCK_ADDRESS,PW-0-001-013-06-06,0
2562932899,BRBA01,SWAE55634,,1,TRUE,BQ_BT_FBM_STOCK_ADDRESS,PW-0-001-009-05-03,0
2562936863,ARBA01,WTHI18647,,1,TRUE,BQ_BT_FBM_STOCK_ADDRESS,MU-TC-BX-020-6AB,0
2562932617,BRBA01,YBXR78635,,1,TRUE,BQ_BT_FBM_STOCK_ADDRESS,MU-TC-CA-037-357,0
2562935757,ARBA01,JHUE19780,,1,TRUE,BQ_BT_FBM_STOCK_ADDRESS,MU-TC-SK-021-C8D,0
2562938135,BRBA01,OZEH58801,,1,TRUE,BQ_BT_FBM_STOCK_ADDRESS,PW-0-001-009-04-01,0
2562932013,BRBA01,RDZU07521,,1,TRUE,BQ_BT_FBM_STOCK_ADDRESS,PW-0-001-013-06-04,0
2562934913,ARBA01,KYDS41127,,1,TRUE,BQ_BT_FBM_STOCK_ADDRESS,MU-TC-BX-01E-FD8,0
2562939381,ARBA01,IVEV11091,,1,TRUE,BQ_BT_FBM_STOCK_ADDRESS,PW-0-001-107-06-07,0
2562938952,BRBA01,FTWZ27611,,1,TRUE,BQ_BT_FBM_STOCK_ADDRESS,PW-0-001-013-03-06,0
2562936702,ARBA01,PKBL14957,,1,TRUE,BQ_BT_FBM_STOCK_ADDRESS,MU-TC-BX-04C-B88,0
2562937803,ARBA01,RLGO24782,,1,TRUE,BQ_BT_FBM_STOCK_ADDRESS,PW-0-001-105-01-08,0
2562934799,BRBA01,WLMZ01726,,1,TRUE,BQ_BT_FBM_STOCK_ADDRESS,PW-0-001-031-02-01,0
2562938672,BRBA01,MXCF10163,,1,TRUE,BQ_BT_FBM_STOCK_ADDRESS,MU-TO-CA-019-2D4,0
2562931091,ARBA01,VFWO57686,,1,TRUE,BQ_BT_FBM_STOCK_ADDRESS,MU-TC-BX-021-2DC,0
2562931090,BRBA01,RFKJ39401,,1,TRUE,BQ_BT_FBM_STOCK_ADDRESS,MU-TC-BX-032-3D3,0
2562930962,BRBA01,ORJW06709,,4,TRUE,BQ_BT_FBM_STOCK_ADDRESS,PW-0-001-009-02-05,0
2562934278,ARBA01,PZJU22555,,3,TRUE,BQ_BT_FBM_STOCK_ADDRESS,MU-TC-BX-050-2D6,0
2562935975,BRBA01,QMJV33348,,1,TRUE,BQ_BT_FBM_STOCK_ADDRESS,PW-0-001-009-05-01,0
2562934910,BRBA01,LUHT94317,,1,TRUE,BQ_BT_FBM_STOCK_ADDRESS,PW-0-001-009-04-02,0
2562937862,ARBA01,TGOB92606,,1,TRUE,BQ_BT_FBM_STOCK_ADDRESS,MU-TC-RO-022-C75,0
2562930410,BRBA01,VDLF19854,,1,TRUE,BQ_BT_FBM_STOCK_ADDRESS,MU-TC-CA-037-357,0
2562934031,BRBA01,QRLL28220,,1,TRUE,BQ_BT_FBM_STOCK_ADDRESS,PW-0-001-009-06-05,0
2562933091,BRBA01,POMB01726,,1,TRUE,BQ_BT_FBM_STOCK_ADDRESS,PW-0-001-013-02-03,0
2562931657,BRBA01,MXQN71597,,1,TRUE,BQ_BT_FBM_STOCK_ADDRESS,MU-TC-CA-052-2C3,0
2562936204,BRBA01,UWGL25527,,5,TRUE,BQ_BT_FBM_STOCK_ADDRESS,PW-0-001-031-06-04,0
2562931940,ARBA01,HGGR22564,,1,TRUE,BQ_BT_FBM_STOCK_ADDRESS,PW-0-001-105-04-01,0
2562933365,ARBA01,OZBF21990,,1,TRUE,BQ_BT_FBM_STOCK_ADDRESS,PW-0-001-105-01-06,0
2562930276,ARBA01,GAEZ85207,,1,TRUE,BQ_BT_FBM_STOCK_ADDRESS,PW-0-001-111-06-03,0
2562931157,ARBA01,KFQN43117,,2,TRUE,BQ_BT_FBM_STOCK_ADDRESS,MU-TC-BX-03F-46C,0
2562931882,BRBA01,YMSY32421,,0,TRUE,BQ_BT_FBM_STOCK_ADDRESS,RR-0-001-000-00-00,0
2562930769,BRBA01,ZMZP32421,,1,TRUE,BQ_BT_FBM_STOCK_ADDRESS,PW-0-001-003-05-08,0
2562933265,BRBA01,JFCQ80261,,1,TRUE,BQ_BT_FBM_STOCK_ADDRESS,MU-TO-CA-019-2C1,0
2562937160,ARBA01,VSHK23080,,1,TRUE,BQ_BT_FBM_STOCK_ADDRESS,MU-TC-BX-050-2D6,0
2562930765,BRBA01,WEWT72090,,1,TRUE,BQ_BT_FBM_STOCK_ADDRESS,PW-0-001-009-01-01,0
2562934275,ARBA01,NZKJ61841,,7,TRUE,BQ_BT_FBM_STOCK_ADDRESS,PW-0-001-105-01-02,0
2562934922,BRBA01,TCHX06458,,1,TRUE,BQ_BT_FBM_STOCK_ADDRESS,PW-0-001-029-04-04,0
2562936484,BRBA01,SGSO27496,,1,TRUE,BQ_BT_FBM_STOCK_ADDRESS,PW-0-001-009-03-03,0
2562931658,ARBA01,NSKD22720,,2,TRUE,BQ_BT_FBM_STOCK_ADDRESS,MU-TC-BX-046-88A,0
2562935968,BRBA01,UYBF98531,,1,TRUE,BQ_BT_FBM_STOCK_ADDRESS,PW-0-001-031-03-03,0
2562934333,BRBA01,JICC92385,,1,TRUE,BQ_BT_FBM_STOCK_ADDRESS,MU-TC-CA-03C-214,0
2562937903,BRBA01,LNVY02186,,1,TRUE,BQ_BT_FBM_STOCK_ADDRESS,PW-0-001-009-03-03,0
2562933743,BRBA01,ZVKS39591,,1,TRUE,BQ_BT_FBM_STOCK_ADDRESS,PW-0-001-003-05-08,0
2562932883,ARBA01,DBBL31156,,2,TRUE,BQ_BT_FBM_STOCK_ADDRESS,PW-0-001-111-06-03,0
2562933884,ARBA01,MMEQ25618,,1,TRUE,BQ_BT_FBM_STOCK_ADDRESS,MU-TC-BX-021-0A4,0
2562930910,ARBA01,ITXL12047,,1,TRUE,BQ_BT_FBM_STOCK_ADDRESS,MU-TC-RO-022-C75,0
2562933164,BRBA01,OLMI63364,,1,TRUE,BQ_BT_FBM_STOCK_ADDRESS,PW-0-001-009-03-05,0
2562933532,BRBA01,DYGC40587,,2,TRUE,BQ_BT_FBM_STOCK_ADDRESS,PW-0-001-031-01-02,0
2562934249,ARBA01,BQPD58497,,9,TRUE,BQ_BT_FBM_STOCK_ADDRESS,MU-TC-RO-022-CBC,0
2562934629,BRBA01,KLYO81959,,1,TRUE,BQ_BT_FBM_STOCK_ADDRESS,MU-TC-CA-04B-C5C,0
2562930810,BRBA01,OWTB98755,,1,TRUE,BQ_BT_FBM_STOCK_ADDRESS,MU-TC-CA-052-2C3,0
2562935451,ARBA01,CEHA87272,,1,TRUE,BQ_BT_FBM_STOCK_ADDRESS,MU-TC-BX-046-821,0
2562933641,ARBA01,BUIG45546,,1,TRUE,BQ_BT_FBM_STOCK_ADDRESS,MU-TC-BX-01E-FD8,0
2562939462,ARBA01,OCHQ96342,,1,TRUE,BQ_BT_FBM_STOCK_ADDRESS,PW-0-001-111-04-01,0
2562937337,BRBA01,WYAZ12514,,1,TRUE,BQ_BT_FBM_STOCK_ADDRESS,PW-0-001-009-06-06,0
2562935877,ARBA01,ZMUO80469,,1,TRUE,BQ_BT_FBM_STOCK_ADDRESS,MU-TC-BX-04F-A9A,0
2562933547,BRBA01,INEV97172,,1,TRUE,BQ_BT_FBM_STOCK_ADDRESS,PW-0-001-009-02-05,0
2562937568,ARBA01,FCLD64670,,1,TRUE,BQ_BT_FBM_STOCK_ADDRESS,MU-TC-BX-021-0A4,0
2562933706,ARBA01,CTKP10878,,1,TRUE,BQ_BT_FBM_STOCK_ADDRESS,PW-0-001-111-04-08,0
2562937504,ARBA01,RWWO22156,,1,TRUE,BQ_BT_FBM_STOCK_ADDRESS,PW-0-001-105-02-08,0
2562938153,ARBA01,YSIG37470,,1,TRUE,BQ_BT_FBM_STOCK_ADDRESS,PW-0-001-107-05-03,0
2562934505,ARBA01,CASZ76224,,1,TRUE,BQ_BT_FBM_STOCK_ADDRESS,PW-0-001-109-04-01,0
2562933398,BRBA01,KGAH43378,,1,TRUE,BQ_BT_FBM_STOCK_ADDRESS,MU-TC-CA-039-F35,0
2562939188,ARBA01,MCVT40296,,4,TRUE,BQ_BT_FBM_STOCK_ADDRESS,MU-PR-RS-003-482,0
2562938849,ARBA01,PFQC04660,,2,TRUE,BQ_BT_FBM_STOCK_ADDRESS,PW-0-001-113-03-07,0
2562938347,BRBA01,BWHI95990,,1,TRUE,BQ_BT_FBM_STOCK_ADDRESS,MU-TC-CA-039-F35,0
2562933235,BRBA01,KYOD28663,,1,TRUE,BQ_BT_FBM_STOCK_ADDRESS,MU-TC-CA-036-6D1,0
2562933877,ARBA01,XBDO61582,,1,TRUE,BQ_BT_FBM_STOCK_ADDRESS,PW-0-001-103-04-02,0
2562937357,ARBA01,CMWU74170,,1,TRUE,BQ_BT_FBM_STOCK_ADDRESS,MU-TC-BX-021-1C7,0
2562934384,ARBA01,RUQL58030,,1,TRUE,BQ_BT_FBM_STOCK_ADDRESS,PW-0-001-103-05-02,0
2562936376,ARBA01,JPOE13671,,2,TRUE,BQ_BT_FBM_STOCK_ADDRESS,PW-0-001-111-04-08,0
2562935158,ARBA01,TGWN38099,,1,TRUE,BQ_BT_FBM_STOCK_ADDRESS,MU-TC-BX-020-BDA,0
2562935707,BRBA01,PLSD92870,,1,TRUE,BQ_BT_FBM_STOCK_ADDRESS,MU-TC-CA-036-6C8,0
2562935432,BRBA01,YLCZ01393,,1,TRUE,BQ_BT_FBM_STOCK_ADDRESS,PW-0-001-009-02-04,0
2562935124,BRBA01,YXUL85978,,1,TRUE,BQ_BT_FBM_STOCK_ADDRESS,PW-0-001-013-01-02,0
2562933997,BRBA01,HOEU32095,,3,TRUE,BQ_BT_FBM_STOCK_ADDRESS,PW-0-001-029-04-03,0
2562933577,ARBA01,ZKRL81667,,2,TRUE,BQ_BT_FBM_STOCK_ADDRESS,PW-0-001-105-01-05,0
2562930703,BRBA01,YUZF94113,,3,TRUE,BQ_BT_FBM_STOCK_ADDRESS,PW-0-001-031-03-04,0
2562937347,BRBA01,BLZT08670,,1,TRUE,BQ_BT_FBM_STOCK_ADDRESS,MU-TC-CA-04A-EA2,0
2562937022,BRBA01,STDU36424,,1,TRUE,BQ_BT_FBM_STOCK_ADDRESS,MU-TC-CA-03B-CF1,0
2562938754,BRBA01,VLOI16111,,1,TRUE,BQ_BT_FBM_STOCK_ADDRESS,PW-0-001-009-01-01,0
2562933927,BRBA01,TLVA09361,,1,TRUE,BQ_BT_FBM_STOCK_ADDRESS,MU-TO-CA-019-2D4,0
2562939667,ARBA01,ELKB65753,,1,TRUE,BQ_BT_FBM_STOCK_ADDRESS,MU-TC-BX-050-2D6,0
2562933321,BRBA01,VEZJ16565,,1,TRUE,BQ_BT_FBM_STOCK_ADDRESS,MU-TC-CA-036-301,0
2562933541,BRBA01,CMWU67466,,1,TRUE,BQ_BT_FBM_STOCK_ADDRESS,MU-TC-CA-04B-C5C,0
2562936063,BRBA01,PKWL89355,,1,TRUE,BQ_BT_FBM_STOCK_ADDRESS,MU-TC-CA-039-F35,0
2562932091,BRBA01,FKQH77985,,1,TRUE,BQ_BT_FBM_STOCK_ADDRESS,PW-0-001-009-06-02,0
2562935769,ARBA01,OLCT80597,,4,TRUE,BQ_BT_FBM_STOCK_ADDRESS,PW-0-001-103-04-03,0
2562933381,BRBA01,JFLO56624,,1,TRUE,BQ_BT_FBM_STOCK_ADDRESS,MU-TC-CA-04B-C76,0
2562934393,BRBA01,NYNP00736,,1,TRUE,BQ_BT_FBM_STOCK_ADDRESS,MU-TC-CA-044-D32,0
2562936434,ARBA01,PCPG78193,,1,TRUE,BQ_BT_FBM_STOCK_ADDRESS,MU-TC-BX-04C-C14,0
2562934308,BRBA01,HXFN04144,,1,TRUE,BQ_BT_FBM_STOCK_ADDRESS,PW-0-001-031-05-01,0
2562932494,ARBA01,XPNR26297,,1,TRUE,BQ_BT_FBM_STOCK_ADDRESS,PW-0-001-105-01-05,0
2562931857,BRBA01,RGPT73293,,1,TRUE,BQ_BT_FBM_STOCK_ADDRESS,MU-TC-BX-028-95E,0
2562932481,ARBA01,QFJM99750,,1,TRUE,BQ_BT_FBM_STOCK_ADDRESS,MU-TC-BX-020-9CE,0
2562937252,ARBA01,MKBD00387,,2,TRUE,BQ_BT_FBM_STOCK_ADDRESS,PW-0-001-105-02-07,0
2562931620,BRBA01,GYWK82353,,1,TRUE,BQ_BT_FBM_STOCK_ADDRESS,MU-TC-CA-037-F11,0
2562938745,BRBA01,HXZM29992,,2,TRUE,BQ_BT_FBM_STOCK_ADDRESS,MU-TC-BX-044-23A,0
2562931139,BRBA01,YIMG33722,,1,TRUE,BQ_BT_FBM_STOCK_ADDRESS,MU-TC-CA-044-D32,0
2562932749,ARBA01,PKBL69787,,1,TRUE,BQ_BT_FBM_STOCK_ADDRESS,PW-0-001-109-02-02,0
2562935540,BRBA01,NWXE77097,,15,TRUE,BQ_BT_FBM_STOCK_ADDRESS,PW-0-001-029-01-02,0
2562932673,BRBA01,OLMI16740,,1,TRUE,BQ_BT_FBM_STOCK_ADDRESS,MU-TC-CA-052-321,0
2562931715,ARBA01,UWHQ00534,,1,TRUE,BQ_BT_FBM_STOCK_ADDRESS,PW-0-001-109-04-06,0
2562931723,BRBA01,HTNQ79789,,1,TRUE,BQ_BT_FBM_STOCK_ADDRESS,MU-TC-CA-052-321,0
2562937040,ARBA01,TQEN60066,,1,TRUE,BQ_BT_FBM_STOCK_ADDRESS,MU-TC-SK-021-C8D,0
2562931455,ARBA01,UVJQ00484,,1,TRUE,BQ_BT_FBM_STOCK_ADDRESS,PW-0-001-109-04-06,0
2562931240,BRBA01,SYIF89925,,1,TRUE,BQ_BT_FBM_STOCK_ADDRESS,MU-TC-CA-036-301,0
2562934414,BRBA01,VEOI81050,,1,TRUE,BQ_BT_FBM_STOCK_ADDRESS,MU-TC-CA-052-2C3,0
2562938491,ARBA01,WEKW83523,,1,TRUE,BQ_BT_FBM_STOCK_ADDRESS,MU-TC-BX-01F-BFB,0
2562932881,ARBA01,RSFE81202,,1,TRUE,BQ_BT_FBM_STOCK_ADDRESS,MU-TC-BX-046-88A,0
2562934169,BRBA01,PKKZ58198,,1,TRUE,BQ_BT_FBM_STOCK_ADDRESS,MU-TC-CA-036-301,0
2562934794,BRBA01,RDZU01669,,1,TRUE,BQ_BT_FBM_STOCK_ADDRESS,MU-TC-CA-03A-34E,0
2562936915,ARBA01,MYSJ14801,,1,TRUE,BQ_BT_FBM_STOCK_ADDRESS,PW-0-001-103-05-08,0
2562934944,ARBA01,FIPM19601,,1,TRUE,BQ_BT_FBM_STOCK_ADDRESS,PW-0-001-111-04-08,0
2562934819,ARBA01,OZEH77596,,1,TRUE,BQ_BT_FBM_STOCK_ADDRESS,MU-TC-BX-020-6AB,0
2562934181,ARBA01,HGVR39267,,1,TRUE,BQ_BT_FBM_STOCK_ADDRESS,PW-0-001-109-03-03,0
2562936320,ARBA01,UFBQ62427,,1,TRUE,BQ_BT_FBM_STOCK_ADDRESS,PW-0-001-105-01-04,0
2562938599,BRBA01,OQXC11983,,1,TRUE,BQ_BT_FBM_STOCK_ADDRESS,MU-TC-CA-052-2C3,0
2562934120,ARBA01,HQPT45301,,2,TRUE,BQ_BT_FBM_STOCK_ADDRESS,PW-0-001-111-06-03,0
2562934803,ARBA01,GQOU06979,,2,TRUE,BQ_BT_FBM_STOCK_ADDRESS,PW-0-001-103-05-01,0
2562930848,ARBA01,XTLK63081,,1,TRUE,BQ_BT_FBM_STOCK_ADDRESS,PW-0-001-109-04-07,0
2562931408,ARBA01,ETBV23288,,1,TRUE,BQ_BT_FBM_STOCK_ADDRESS,MU-TC-BX-03F-31D,0
2562938074,BRBA01,EKYN71448,,1,TRUE,BQ_BT_FBM_STOCK_ADDRESS,MU-TC-CA-04B-CAC,0
2562934241,BRBA01,HAWH25365,,2,TRUE,BQ_BT_FBM_STOCK_ADDRESS,PW-0-001-009-06-01,0
2562936099,ARBA01,LDXI12317,,0,TRUE,BQ_BT_FBM_STOCK_ADDRESS,MU-PR-IV-004-776,0
2562931797,ARBA01,UXOW69274,,1,TRUE,BQ_BT_FBM_STOCK_ADDRESS,MU-TC-BX-01F-BF2,0
2562935739,ARBA01,KZPH06594,,1,TRUE,BQ_BT_FBM_STOCK_ADDRESS,MU-TC-BX-03F-3DF,0
2562933847,BRBA01,CBLU63393,,1,TRUE,BQ_BT_FBM_STOCK_ADDRESS,MU-TC-CA-036-6D1,0
2562938470,BRBA01,QJVS23108,,2,TRUE,BQ_BT_FBM_STOCK_ADDRESS,PW-0-001-029-03-04,0
2562932927,ARBA01,DXJZ57428,,1,TRUE,BQ_BT_FBM_STOCK_ADDRESS,MU-TC-BX-021-317,0
2562930432,ARBA01,XASW09012,,1,TRUE,BQ_BT_FBM_STOCK_ADDRESS,MU-TC-BX-04B-1FF,0
2562932130,ARBA01,PIIX80108,,1,TRUE,BQ_BT_FBM_STOCK_ADDRESS,MU-TC-BX-04B-7CE,0
2562932602,ARBA01,DGAI44513,,1,TRUE,BQ_BT_FBM_STOCK_ADDRESS,MU-TC-BX-01D-546,0
2562935594,ARBA01,RPDF00704,,1,TRUE,BQ_BT_FBM_STOCK_ADDRESS,MU-TC-BX-04C-B88,0
2562933256,BRBA01,BGLH75709,,1,TRUE,BQ_BT_FBM_STOCK_ADDRESS,PW-0-001-013-01-03,0
2562939333,ARBA01,AZTB06001,,1,TRUE,BQ_BT_FBM_STOCK_ADDRESS,MU-TC-BX-046-987,0
2562930714,ARBA01,ILRC11460,,2,TRUE,BQ_BT_FBM_STOCK_ADDRESS,PW-0-001-103-02-06,0
2562931492,ARBA01,YKUR69858,,1,TRUE,BQ_BT_FBM_STOCK_ADDRESS,MU-TC-BX-01F-CC5,0
2562937706,BRBA01,XWQM31426,,1,TRUE,BQ_BT_FBM_STOCK_ADDRESS,MU-TC-BX-032-420,0
2562939201,BRBA01,AZTB49071,,1,TRUE,BQ_BT_FBM_STOCK_ADDRESS,MU-TC-CA-03F-7FD,0
2562933892,BRBA01,TLVA20716,,2,TRUE,BQ_BT_FBM_STOCK_ADDRESS,PW-0-001-031-05-01,0
2562935609,BRBA01,GUAW96467,,1,TRUE,BQ_BT_FBM_STOCK_ADDRESS,MU-TC-BX-028-95E,0
2562937659,BRBA01,RPOR91536,,1,TRUE,BQ_BT_FBM_STOCK_ADDRESS,MU-TO-CA-019-2D4,0
2562932399,ARBA01,RTVL22593,,1,TRUE,BQ_BT_FBM_STOCK_ADDRESS,PW-0-001-111-06-03,0
2562930249,ARBA01,OAQT17059,,1,TRUE,BQ_BT_FBM_STOCK_ADDRESS,MU-TC-BX-020-D9B,0
2562932974,BRBA01,IQNR00341,,1,TRUE,BQ_BT_FBM_STOCK_ADDRESS,MU-TC-CA-052-3AA,0
2562938527,ARBA01,OYES36363,,1,FALSO,BQ_BT_FBM_STOCK_ADDRESS,MZ-2-006-019-03-02,23
2562932345,ARBA01,MGQW05245,,1,FALSO,BQ_BT_FBM_STOCK_ADDRESS,MZ-2-005-012-02-04,11
2562934885,ARBA01,DGEQ49351,,1,FALSO,BQ_BT_FBM_STOCK_ADDRESS,MZ-2-005-011-03-02,12
2562930382,ARBA01,NIBE60793,,3,FALSO,BQ_BT_FBM_STOCK_ADDRESS,MZ-2-005-025-01-02,32
2562936878,ARBA01,ZCBF82705,,1,FALSO,BQ_BT_FBM_STOCK_ADDRESS,MZ-2-022-086-03-01,2
2562930139,ARBA01,ZMJU03218,,1,TRUE,BQ_BT_FBM_STOCK_ADDRESS,MU-TC-BX-048-12D,0
2562932964,BRBA01,FDWF62399,,1,TRUE,BQ_BT_FBM_STOCK_ADDRESS,MU-TC-BX-037-23C,0
2562930754,BRBA01,YQDB76351,,1,TRUE,BQ_BT_FBM_STOCK_ADDRESS,MU-TC-BX-037-23C,0
2562936788,BRBA01,IZPT55235,,1,TRUE,BQ_BT_FBM_STOCK_ADDRESS,MU-TC-CA-03A-3A9,0
2562935913,BRBA01,AEQO14095,,1,TRUE,BQ_BT_FBM_STOCK_ADDRESS,MU-TC-CA-03A-3A9,0
2562939028,BRBA01,LTME66222,,1,TRUE,BQ_BT_FBM_STOCK_ADDRESS,MU-TC-CA-03A-3A9,0
2562938100,BRBA01,NQVQ23453,,1,TRUE,BQ_BT_FBM_STOCK_ADDRESS,MU-TC-CA-03A-3A9,0
2562934903,BRBA01,DPPL52609,,1,TRUE,BQ_BT_FBM_STOCK_ADDRESS,MU-TC-CA-03A-3A9,0
2562933173,BRBA01,VAGV18316,,1,TRUE,BQ_BT_FBM_STOCK_ADDRESS,MU-TC-CA-03A-3A9,0
2562934209,BRBA01,ZCKQ01761,,1,TRUE,BQ_BT_FBM_STOCK_ADDRESS,MU-TC-CA-03A-3A9,0
2562939259,ARBA01,UIPD68883,,1,FALSO,BQ_BT_FBM_STOCK_ADDRESS,MZ-2-020-050-02-02,55
2562938067,ARBA01,NEOB99208,,1,FALSO,BQ_BT_FBM_STOCK_ADDRESS,MZ-2-022-002-03-01,4
2562931491,ARBA01,YUXQ95903,,1,FALSO,BQ_BT_FBM_STOCK_ADDRESS,MZ-2-020-045-04-03,5
2562936922,ARBA01,DMFW25396,,1,FALSO,BQ_BT_FBM_STOCK_ADDRESS,MZ-2-015-023-04-05,6
2562937207,ARBA01,GXLI69513,,1,FALSO,BQ_BT_FBM_STOCK_ADDRESS,MZ-2-020-049-03-01,55
2562936390,BRBA01,LOTP20943,,1,TRUE,BQ_BT_FBM_STOCK_ADDRESS,MU-TC-BX-037-E42,0
2562933155,BRBA01,RQVJ00770,,1,TRUE,BQ_BT_FBM_STOCK_ADDRESS,MU-TC-BX-032-970,0
2562937074,BRBA01,BEYS48357,,1,TRUE,BQ_BT_FBM_STOCK_ADDRESS,MU-TC-CA-03A-34C,0
2562938967,ARBA01,JFET73927,,5,TRUE,BQ_BT_FBM_STOCK_ADDRESS,RO-0-001-000-00-00,0
2562932619,BRBA01,OQSJ10057,,1,TRUE,BQ_BT_FBM_STOCK_ADDRESS,MU-TC-BX-044-225,0
2562931461,BRBA01,CLUY71344,,1,TRUE,BQ_BT_FBM_STOCK_ADDRESS,MU-TC-BX-032-4B5,0
2562932461,BRBA01,ANAK90686,,1,TRUE,BQ_BT_FBM_STOCK_ADDRESS,MU-TC-CA-03A-34C,0
2562938962,ARBA01,JVEM77900,,1,TRUE,BQ_BT_FBM_STOCK_ADDRESS,RO-0-001-000-00-00,0
2562934688,ARBA01,IZQR72349,,4,TRUE,BQ_BT_FBM_STOCK_ADDRESS,RO-0-001-000-00-00,0
2562931806,BRBA01,YZRO94695,,1,TRUE,BQ_BT_FBM_STOCK_ADDRESS,MU-TC-CA-037-D05,0
2562938224,BRBA01,CMJM07610,,1,TRUE,BQ_BT_FBM_STOCK_ADDRESS,MU-TC-BX-036-619,0
2562933930,BRBA01,IPMK41808,,1,TRUE,BQ_BT_FBM_STOCK_ADDRESS,MU-TC-BX-036-77D,0
2562935417,BRBA01,XGNL13616,,1,TRUE,BQ_BT_FBM_STOCK_ADDRESS,MU-TC-BX-031-87B,0
2562934720,BRBA01,HFMY55219,,1,TRUE,BQ_BT_FBM_STOCK_ADDRESS,MU-TC-CA-03A-34C,0
2562937837,BRBA01,JDZZ06541,,1,TRUE,BQ_BT_FBM_STOCK_ADDRESS,MU-TC-CA-04A-E6B,0
2562932008,BRBA01,TGOB70973,,1,TRUE,BQ_BT_FBM_STOCK_ADDRESS,MU-TC-BX-02C-2C4,0
2562933060,BRBA01,ILRC04298,,1,TRUE,BQ_BT_FBM_STOCK_ADDRESS,MU-TC-BX-037-72C,0
2562939586,BRBA01,JZES27178,,1,TRUE,BQ_BT_FBM_STOCK_ADDRESS,MU-TC-BX-031-87B,0
2562937087,BRBA01,XOQC76615,,1,TRUE,BQ_BT_FBM_STOCK_ADDRESS,MU-TC-BX-03A-A45,0
2562939181,ARBA01,CBID14990,,1,FALSO,BQ_BT_FBM_STOCK_ADDRESS,MZ-2-003-024-03-04,5
2562933425,ARBA01,MCTK22071,,1,FALSO,BQ_BT_FBM_STOCK_ADDRESS,MZ-2-022-002-02-01,44
2562930675,ARBA01,ZHOB89355,,1,FALSO,BQ_BT_FBM_STOCK_ADDRESS,MZ-2-015-022-04-03,6
2562932744,ARBA01,SHSB70774,,1,FALSO,BQ_BT_FBM_STOCK_ADDRESS,MZ-2-014-010-01-01,21
2562931365,ARBA01,FCLD71288,,1,FALSO,BQ_BT_FBM_STOCK_ADDRESS,MZ-2-005-014-01-04,12
2562935317,ARBA01,GTBF30500,,1,FALSO,BQ_BT_FBM_STOCK_ADDRESS,MZ-2-005-012-03-04,16
2562935074,BRBA01,FEZF00024,,1,TRUE,BQ_BT_FBM_STOCK_ADDRESS,MU-TC-BX-036-7B6,0
2562936083,BRBA01,LXQV50662,,1,TRUE,BQ_BT_FBM_STOCK_ADDRESS,MU-TC-BX-037-F9C,0
2562935202,BRBA01,OPUT06310,,1,TRUE,BQ_BT_FBM_STOCK_ADDRESS,MU-TC-BX-04B-D19,0
2562937406,BRBA01,VSPW68018,,1,TRUE,BQ_BT_FBM_STOCK_ADDRESS,MU-TC-BX-037-A79,0
2562931551,BRBA01,BREE81900,,1,TRUE,BQ_BT_FBM_STOCK_ADDRESS,MU-TC-BX-04B-D19,0
2562937142,BRBA01,ZYIO81512,,2,TRUE,BQ_BT_FBM_STOCK_ADDRESS,MU-TC-BX-032-A02,0
2562939660,BRBA01,SOZP30983,,1,TRUE,BQ_BT_FBM_STOCK_ADDRESS,MU-TC-BX-04B-D19,0
2562938797,BRBA01,TPBI82733,,1,TRUE,BQ_BT_FBM_STOCK_ADDRESS,MU-TC-BX-02F-20B,0
2562935822,BRBA01,YACR33376,,1,TRUE,BQ_BT_FBM_STOCK_ADDRESS,MU-TC-BX-04B-D19,0
2562935912,BRBA01,ZYIO81512,,1,TRUE,BQ_BT_FBM_STOCK_ADDRESS,MU-TC-BX-037-A79,0
2562936916,BRBA01,JJXB14620,,1,TRUE,BQ_BT_FBM_STOCK_ADDRESS,MU-TC-BX-032-8DC,0
2562930727,BRBA01,MRDG94579,,1,TRUE,BQ_BT_FBM_STOCK_ADDRESS,MU-TC-BX-03A-3FD,0
2562931848,ARBA01,DJFQ50689,,1,FALSO,BQ_BT_FBM_STOCK_ADDRESS,MZ-2-020-045-04-03,20
2562931490,ARBA01,LTVB86977,,1,FALSO,BQ_BT_FBM_STOCK_ADDRESS,MZ-2-004-070-03-04,12
2562935587,ARBA01,IMWU31461,,1,FALSO,BQ_BT_FBM_STOCK_ADDRESS,MZ-2-020-048-02-01,13
2562937084,ARBA01,MKSP72377,,2,FALSO,BQ_BT_FBM_STOCK_ADDRESS,MZ-2-022-002-02-01,14
2562934074,ARBA01,TCEM76461,,2,FALSO,BQ_BT_FBM_STOCK_ADDRESS,MZ-2-014-009-01-01,19
2562937170,BRBA01,VXCN29218,,1,TRUE,BQ_BT_FBM_STOCK_ADDRESS,MU-TC-AM-052-151,0
2562934697,ARBA01,RIKW99541,,1,TRUE,BQ_BT_FBM_STOCK_ADDRESS,MU-TC-BX-03F-002,0
2562938788,BRBA01,HAAY42294,,1,TRUE,BQ_BT_FBM_STOCK_ADDRESS,MU-TC-BX-044-369,0
2562934973,BRBA01,XHKE71668,,1,TRUE,BQ_BT_FBM_STOCK_ADDRESS,MU-TC-BX-03A-A36,0
2562933243,BRBA01,VHRN27533,,1,TRUE,BQ_BT_FBM_STOCK_ADDRESS,MU-TC-CA-037-367,0
2562938864,BRBA01,WLTP15894,,1,TRUE,BQ_BT_FBM_STOCK_ADDRESS,MU-TC-BX-037-72D,0
2562935926,ARBA01,LNES12800,,1,TRUE,BQ_BT_FBM_STOCK_ADDRESS,MU-TC-BX-048-D27,0
2562933327,ARBA01,MLAY16803,,1,TRUE,BQ_BT_FBM_STOCK_ADDRESS,MU-TC-BX-021-1B1,0
2562934165,ARBA01,KMCE75914,,1,TRUE,BQ_BT_FBM_STOCK_ADDRESS,MU-TC-BX-046-875,0
2562935295,ARBA01,VNEH68535,,1,TRUE,BQ_BT_FBM_STOCK_ADDRESS,MU-TC-BX-04B-28A,0
2562932182,ARBA01,XXFF87199,,1,TRUE,BQ_BT_FBM_STOCK_ADDRESS,MU-TC-BX-01E-CE0,0
2562933809,BRBA01,ONLE80623,,1,TRUE,BQ_BT_FBM_STOCK_ADDRESS,MU-TC-BX-03A-434,0
2562931652,ARBA01,TQVZ98890,,1,TRUE,BQ_BT_FBM_STOCK_ADDRESS,MU-TC-BX-046-E3B,0
2562938121,BRBA01,CLUY21654,,1,TRUE,BQ_BT_FBM_STOCK_ADDRESS,MU-TC-BX-032-A73,0
2562930626,BRBA01,KBLG73936,,1,TRUE,BQ_BT_FBM_STOCK_ADDRESS,MU-TC-CA-036-38D,0
2562936468,ARBA01,JRBP52530,,1,TRUE,BQ_BT_FBM_STOCK_ADDRESS,MU-TC-BX-046-D12,0
2562931293,ARBA01,DZLS24062,,1,TRUE,BQ_BT_FBM_STOCK_ADDRESS,MU-TC-BX-020-75F,0
2562935512,BRBA01,FWTJ27145,,1,TRUE,BQ_BT_FBM_STOCK_ADDRESS,MU-TC-CA-036-90B,0
2562937104,ARBA01,PKKZ75399,,2,TRUE,BQ_BT_FBM_STOCK_ADDRESS,MU-TC-BX-049-095,0
2562938552,BRBA01,GYIH80827,,1,TRUE,BQ_BT_FBM_STOCK_ADDRESS,MU-TC-CA-037-32F,0
2562937287,ARBA01,BQPD31586,,1,TRUE,BQ_BT_FBM_STOCK_ADDRESS,MU-TC-BX-04B-28A,0
2562936119,ARBA01,RDWG43268,,1,TRUE,BQ_BT_FBM_STOCK_ADDRESS,MU-TC-BX-046-999,0
2562936487,ARBA01,LCVK40427,,1,TRUE,BQ_BT_FBM_STOCK_ADDRESS,MU-TC-BX-021-3B9,0
2562937457,ARBA01,ULGN11252,,2,TRUE,BQ_BT_FBM_STOCK_ADDRESS,PW-0-001-113-06-02,0
2562935036,BRBA01,VAUA61217,,1,TRUE,BQ_BT_FBM_STOCK_ADDRESS,MU-TC-AM-052-151,0
2562931603,ARBA01,GGVT74664,,1,TRUE,BQ_BT_FBM_STOCK_ADDRESS,MU-TC-BX-04B-896,0
2562931275,BRBA01,JDMV60013,,1,TRUE,BQ_BT_FBM_STOCK_ADDRESS,MU-TC-CA-037-EC2,0
2562934634,BRBA01,IGTZ30247,,2,TRUE,BQ_BT_FBM_STOCK_ADDRESS,MU-TC-BX-032-21B,0
2562931735,BRBA01,AUGJ45735,,1,TRUE,BQ_BT_FBM_STOCK_ADDRESS,MU-TC-BX-029-980,0
2562935521,ARBA01,GDCD04602,,1,TRUE,BQ_BT_FBM_STOCK_ADDRESS,MU-TC-BX-046-D12,0
2562934859,ARBA01,JOMR24657,,1,TRUE,BQ_BT_FBM_STOCK_ADDRESS,MU-TC-BX-03F-4B0,0
2562937342,BRBA01,VIKI39850,,1,TRUE,BQ_BT_FBM_STOCK_ADDRESS,MU-TC-CA-048-598,0
2562935472,ARBA01,NIIE85063,,1,TRUE,BQ_BT_FBM_STOCK_ADDRESS,MU-TC-BX-020-B98,0
2562934128,ARBA01,THQG23566,,1,TRUE,BQ_BT_FBM_STOCK_ADDRESS,MU-TC-BX-04B-28A,0
2562933874,ARBA01,DJIC48632,,1,TRUE,BQ_BT_FBM_STOCK_ADDRESS,MU-TC-BX-020-51D,0
2562936066,ARBA01,TPMI81531,,1,TRUE,BQ_BT_FBM_STOCK_ADDRESS,MU-PR-BX-001-B10,0
2562933025,BRBA01,YSQG78439,,1,TRUE,BQ_BT_FBM_STOCK_ADDRESS,MU-TC-BX-032-3BC,0
2562932424,BRBA01,MLYM47486,,1,TRUE,BQ_BT_FBM_STOCK_ADDRESS,MU-TC-BX-03A-3CA,0
2562932846,ARBA01,RPWP06922,,4,TRUE,BQ_BT_FBM_STOCK_ADDRESS,PW-0-001-105-04-08,0
2562934769,BRBA01,YMSY17092,,1,TRUE,BQ_BT_FBM_STOCK_ADDRESS,MU-TC-CA-037-D06,0
2562936365,BRBA01,DVFV96530,,1,TRUE,BQ_BT_FBM_STOCK_ADDRESS,MU-TC-BX-03A-434,0
2562930705,BRBA01,HSKY66035,,1,TRUE,BQ_BT_FBM_STOCK_ADDRESS,MU-TC-CA-03F-815,0
2562938255,BRBA01,MCEP22564,,1,TRUE,BQ_BT_FBM_STOCK_ADDRESS,MU-TC-CA-037-367,0
2562938615,BRBA01,SMEQ49834,,1,TRUE,BQ_BT_FBM_STOCK_ADDRESS,MU-TC-BX-03A-A91,0
2562939418,ARBA01,XEKV56522,,1,TRUE,BQ_BT_FBM_STOCK_ADDRESS,MU-TC-BX-020-8FB,0
2562937331,ARBA01,MLEC69165,,1,TRUE,BQ_BT_FBM_STOCK_ADDRESS,MU-TO-BX-027-D32,0
2562937258,BRBA01,SMEQ46024,,1,TRUE,BQ_BT_FBM_STOCK_ADDRESS,MU-TC-BX-029-84C,0
2562939021,BRBA01,XKOH24027,,1,TRUE,BQ_BT_FBM_STOCK_ADDRESS,MU-TC-BX-037-827,0
2562930528,ARBA01,EQYA18257,,1,TRUE,BQ_BT_FBM_STOCK_ADDRESS,MU-TC-BX-021-202,0
2562937234,ARBA01,PWQU18668,,1,TRUE,BQ_BT_FBM_STOCK_ADDRESS,MU-TC-BX-021-202,0
2562933428,BRBA01,KORR06296,,1,TRUE,BQ_BT_FBM_STOCK_ADDRESS,MU-TC-CA-048-598,0
2562939380,BRBA01,OCHQ43172,,1,TRUE,BQ_BT_FBM_STOCK_ADDRESS,MU-TC-BX-037-AC0,0
2562938436,ARBA01,LMCR39171,,1,TRUE,BQ_BT_FBM_STOCK_ADDRESS,MU-TC-BX-04B-28A,0
2562936295,BRBA01,JIUB56075,,1,TRUE,BQ_BT_FBM_STOCK_ADDRESS,MU-TC-BX-03A-A65,0
2562933006,BRBA01,WGZC50945,,1,TRUE,BQ_BT_FBM_STOCK_ADDRESS,MU-TC-CA-04A-E4D,0
2562934104,BRBA01,JCLR82617,,1,TRUE,BQ_BT_FBM_STOCK_ADDRESS,MU-TC-BX-029-980,0
2562935588,BRBA01,LYCS84283,,1,TRUE,BQ_BT_FBM_STOCK_ADDRESS,MU-TC-CA-03F-815,0
2562931035,BRBA01,EIPZ62732,,2,TRUE,BQ_BT_FBM_STOCK_ADDRESS,MU-TC-BX-04B-D46,0
2562932484,BRBA01,MENA64978,,1,TRUE,BQ_BT_FBM_STOCK_ADDRESS,MU-TC-BX-037-20A,0
2562930234,BRBA01,WEVB37277,,1,TRUE,BQ_BT_FBM_STOCK_ADDRESS,MU-TC-BX-037-1F8,0
2562936051,BRBA01,PKBY04602,,1,TRUE,BQ_BT_FBM_STOCK_ADDRESS,MU-TC-BX-038-1F7,0
2562930207,BRBA01,ZWUO51399,,1,TRUE,BQ_BT_FBM_STOCK_ADDRESS,MU-TC-CA-04A-E4D,0
2562937333,BRBA01,BPZN14665,,1,TRUE,BQ_BT_FBM_STOCK_ADDRESS,MU-TC-CA-04B-C8B,0
2562937806,ARBA01,ZKRL38598,,1,TRUE,BQ_BT_FBM_STOCK_ADDRESS,MU-TC-BX-04B-28A,0
2562937478,ARBA01,PPGR48110,,1,TRUE,BQ_BT_FBM_STOCK_ADDRESS,MU-TC-BX-03E-C19,0
2562933021,ARBA01,TLVJ29729,,1,TRUE,BQ_BT_FBM_STOCK_ADDRESS,MU-TC-BX-01E-CE0,0
2562930255,ARBA01,PPGR48110,,1,TRUE,BQ_BT_FBM_STOCK_ADDRESS,MU-TC-BX-03F-4B0,0
2562934252,ARBA01,UYFJ61609,,1,TRUE,BQ_BT_FBM_STOCK_ADDRESS,MU-TC-BX-04F-ABB,0
2562933941,BRBA01,ITGE07513,,1,TRUE,BQ_BT_FBM_STOCK_ADDRESS,MU-TC-CA-03A-35D,0
2562938267,BRBA01,VDZM98434,,1,TRUE,BQ_BT_FBM_STOCK_ADDRESS,MU-TC-CA-037-D42,0
2562935331,BRBA01,IYUQ76211,,0,TRUE,BQ_BT_FBM_STOCK_ADDRESS,RR-0-001-000-00-00,0
2562935309,BRBA01,ZUIU88279,,1,TRUE,BQ_BT_FBM_STOCK_ADDRESS,MU-TC-BX-044-489,0
2562935498,ARBA01,BKXX13231,,1,TRUE,BQ_BT_FBM_STOCK_ADDRESS,MU-TC-BX-04F-ABB,0
2562934146,ARBA01,QYDO16256,,1,TRUE,BQ_BT_FBM_STOCK_ADDRESS,MU-TC-BX-01E-CA5,0
2562930405,ARBA01,EALS47976,,1,TRUE,BQ_BT_FBM_STOCK_ADDRESS,MU-TC-BX-046-DDD,0
2562939470,BRBA01,HHCQ84663,,1,TRUE,BQ_BT_FBM_STOCK_ADDRESS,MU-TC-BX-031-CBE,0
2562937422,ARBA01,HNCH36235,,1,TRUE,BQ_BT_FBM_STOCK_ADDRESS,MU-TC-BX-01F-718,0
2562937093,BRBA01,KOEQ36804,,1,TRUE,BQ_BT_FBM_STOCK_ADDRESS,MU-TC-BX-037-F47,0
2562937672,ARBA01,KMKB31662,,1,TRUE,BQ_BT_FBM_STOCK_ADDRESS,MU-TC-BX-021-1B1,0
2562933523,BRBA01,VDZM98434,,1,TRUE,BQ_BT_FBM_STOCK_ADDRESS,MU-TC-CA-03A-3A8,0
2562939409,BRBA01,ZKGG85593,,1,TRUE,BQ_BT_FBM_STOCK_ADDRESS,MU-TC-CA-03A-35D,0
2562935029,BRBA01,NWXH85586,,1,TRUE,BQ_BT_FBM_STOCK_ADDRESS,MU-TC-BX-03A-A3F,0
2562938718,BRBA01,SYIF98130,,1,TRUE,BQ_BT_FBM_STOCK_ADDRESS,MU-TC-BX-037-1F8,0
2562935613,BRBA01,NZKJ25602,,1,TRUE,BQ_BT_FBM_STOCK_ADDRESS,MU-TC-BX-04A-F59,0
2562935813,BRBA01,OJQT98107,,1,TRUE,BQ_BT_FBM_STOCK_ADDRESS,MU-TC-BX-03A-A91,0
2562937839,BRBA01,VOLD99882,,1,TRUE,BQ_BT_FBM_STOCK_ADDRESS,MU-TC-BX-029-5AE,0
2562933240,BRBA01,OQSJ10057,,1,TRUE,BQ_BT_FBM_STOCK_ADDRESS,MU-TC-BX-037-CAF,0
2562939013,BRBA01,SITE89204,,1,TRUE,BQ_BT_FBM_STOCK_ADDRESS,MU-TC-BX-03A-A36,0
2562932238,ARBA01,ZRDQ54097,,5,TRUE,BQ_BT_FBM_STOCK_ADDRESS,MU-TC-BX-04B-964,0
2562930648,ARBA01,YLWA07165,,1,TRUE,BQ_BT_FBM_STOCK_ADDRESS,MU-TC-BX-020-B98,0
2562931295,ARBA01,HNWE14394,,1,TRUE,BQ_BT_FBM_STOCK_ADDRESS,MU-TC-BX-021-173,0
2562931487,BRBA01,HKKH79445,,1,TRUE,BQ_BT_FBM_STOCK_ADDRESS,MU-TC-BX-032-AC4,0
2562933171,ARBA01,XRMV44469,,2,TRUE,BQ_BT_FBM_STOCK_ADDRESS,RO-0-001-000-00-00,0
2562938990,ARBA01,SNQN35959,,1,TRUE,BQ_BT_FBM_STOCK_ADDRESS,MU-TC-BX-048-141,0
2562933480,BRBA01,QQDZ22333,,1,TRUE,BQ_BT_FBM_STOCK_ADDRESS,MU-TC-BX-032-1E7,0
2562933766,ARBA01,FDDY38726,,1,TRUE,BQ_BT_FBM_STOCK_ADDRESS,MU-TC-BX-04B-896,0
2562935332,BRBA01,FOOD19115,,0,TRUE,BQ_BT_FBM_STOCK_ADDRESS,RR-0-001-000-00-00,0
2562937340,ARBA01,BHPX13040,,1,TRUE,BQ_BT_FBM_STOCK_ADDRESS,MU-TC-BX-04F-ABB,0